{
  "_generated": "Generated by SweetTooth, do not edit",
  "description": "This extension allows configuring the same timeout for all notifications. It also allows ignoring the idle state.",
  "gettext-domain": "notification-timeout",
  "name": "Notification Timeout",
  "original-author": "chlumskyvaclav@gmail.com",
  "shell-version": [
    "3.36",
    "3.38",
    "40",
    "41",
    "42",
    "43",
    "44"
  ],
  "url": "https://github.com/vchlum/notification-timeout",
  "uuid": "notification-timeout@chlumskyvaclav.gmail.com",
  "version": 8
}