{
  "_generated": "Generated by SweetTooth, do not edit",
  "description": "Put an indicator on the panel signaling in which workspace you are, and give you the possibility of switching to another one.",
  "extension-id": "workspace-indicator",
  "gettext-domain": "gnome-shell-extension-workspace-indicator",
  "name": "Workspace Indicator",
  "original-authors": [
    "erick.red@gmail.com"
  ],
  "settings-schema": "org.gnome.shell.extensions.workspace-indicator",
  "shell-version": [
    "42"
  ],
  "url": "https://gitlab.gnome.org/GNOME/gnome-shell-extensions",
  "uuid": "workspace-indicator@gnome-shell-extensions.gcampax.github.com",
  "version": 52
}